Archivo,BPM
135bpm.mp3,135.99917763157896
141bpm.mp3,139.6748310810811
